{"cameraMode":{"drawMode":0,"name":"Shaded","section":"Shading Mode"},"sceneLighting":false,"audioPlay":false,"sceneViewState":{"showFog":false,"showMaterialUpdate":false,"showSkybox":false,"showFlares":false,"showImageEffects":false,"showParticleSystems":false},"in2DMode":false,"pivot":{"x":4.8294548988342289,"y":1.0874794721603394,"z":-0.7318003177642822},"rotation":{"x":0.2319478988647461,"y":0.658672571182251,"z":-0.22477154433727265,"w":0.6799026727676392},"size":3.86600399017334,"orthographic":false}