{"cameraMode":{"drawMode":0,"name":"Shaded","section":"Shading Mode"},"sceneLighting":false,"audioPlay":false,"sceneViewState":{"showFog":false,"showMaterialUpdate":false,"showSkybox":false,"showFlares":false,"showImageEffects":false,"showParticleSystems":false},"in2DMode":false,"pivot":{"x":95.86888122558594,"y":1.3242878913879395,"z":-0.28610754013061526},"rotation":{"x":-0.14624300599098206,"y":-0.7534534335136414,"z":0.17849037051200868,"w":-0.6159403324127197},"size":6.852617263793945,"orthographic":false}