{"cameraMode":{"drawMode":0,"name":"Shaded","section":"Shading Mode"},"sceneLighting":true,"audioPlay":false,"sceneViewState":{"showFog":false,"showMaterialUpdate":false,"showSkybox":false,"showFlares":false,"showImageEffects":false,"showParticleSystems":false},"in2DMode":false,"pivot":{"x":343.9935302734375,"y":-25.414566040039064,"z":-8.190679550170899},"rotation":{"x":-0.09262928366661072,"y":-0.7239168882369995,"z":0.1001872643828392,"w":-0.6768799424171448},"size":81.39410400390625,"orthographic":false}