{"cameraMode":{"drawMode":0,"name":"Shaded","section":"Shading Mode"},"sceneLighting":false,"audioPlay":false,"sceneViewState":{"showFog":false,"showMaterialUpdate":false,"showSkybox":false,"showFlares":false,"showImageEffects":false,"showParticleSystems":false},"in2DMode":false,"pivot":{"x":278.9814453125,"y":3.9936842918395998,"z":1.1811580657958985},"rotation":{"x":0.05995532497763634,"y":0.7695609331130981,"z":-0.07330600172281265,"w":0.6320345401763916},"size":8.500919342041016,"orthographic":false}