{"cameraMode":{"drawMode":0,"name":"Shaded","section":"Shading Mode"},"sceneLighting":false,"audioPlay":false,"sceneViewState":{"showFog":false,"showMaterialUpdate":false,"showSkybox":false,"showFlares":false,"showImageEffects":false,"showParticleSystems":false},"in2DMode":false,"pivot":{"x":0.07069611549377442,"y":1.458604335784912,"z":-2.1402902603149416},"rotation":{"x":0.012884040363132954,"y":-0.9691294431686401,"z":0.24209295213222505,"w":0.050137367099523547},"size":3.9299309253692629,"orthographic":false}