{"cameraMode":{"drawMode":0,"name":"Shaded","section":"Shading Mode"},"sceneLighting":false,"audioPlay":false,"sceneViewState":{"showFog":false,"showMaterialUpdate":false,"showSkybox":false,"showFlares":false,"showImageEffects":false,"showParticleSystems":false},"in2DMode":false,"pivot":{"x":-279.9480285644531,"y":-137.08543395996095,"z":345.00335693359377},"rotation":{"x":-0.12133869528770447,"y":0.7262886166572571,"z":-0.1301545351743698,"w":-0.6645795106887817},"size":216.50640869140626,"orthographic":false}